{
	"info": {
		"_postman_id": "85df6cb3-5255-43de-a457-3d2184825ca2",
		"name": "Jira",
		"schema": "https://schema.getpostman.com/json/collection/v2.1.0/collection.json",
		"_exporter_id": "17709036"
	},
	"item": [
		{
			"name": "Create Issue",
			"request": {
				"method": "POST",
				"header": [],
				"body": {
					"mode": "raw",
					"raw": "{\r\n    \"fields\": {\r\n        \"project\": {\r\n            \"key\": \"TSTCT2023\"\r\n        },\r\n        \"summary\": \"create issue in RA project\",\r\n        \"description\": \"Creating of an issue using project keys and issue type names using the REST API\",\r\n        \"issuetype\": {\r\n            \"name\": \"Bug\"\r\n        }\r\n    }\r\n}",
					"options": {
						"raw": {
							"language": "json"
						}
					}
				},
				"url": {
					"raw": "https://testjirafeb2023.atlassian.net/rest/api/2/issue/",
					"protocol": "https",
					"host": [
						"testjirafeb2023",
						"atlassian",
						"net"
					],
					"path": [
						"rest",
						"api",
						"2",
						"issue",
						""
					]
				}
			},
			"response": []
		}
	],
	"auth": {
		"type": "basic",
		"basic": [
			{
				"key": "password",
				"value": "ATATT3xFfGF0P1MNLphSeENDaq1WDmQuZ67xbJGFkeF2nxrkrKiKRiutGD9WaYO6pGNiC7K_vH-b-viG58Vi_zxNWBaKOk4FPFfsNibYjupObHKU7JfM7HTwWDXsFMw0p5FGYBo9IEGpFx1hW68swU-SE-SHmtjsyqR1cgpcmuxf_PNHcugICHc=4EA0E790",
				"type": "string"
			},
			{
				"key": "username",
				"value": "feb2023restapi@gmail.com",
				"type": "string"
			}
		]
	},
	"event": [
		{
			"listen": "prerequest",
			"script": {
				"type": "text/javascript",
				"exec": [
					""
				]
			}
		},
		{
			"listen": "test",
			"script": {
				"type": "text/javascript",
				"exec": [
					""
				]
			}
		}
	]
}