{
	"info": {
		"_postman_id": "a7733c6c-2bf6-46f8-8e74-24bd2d5561a6",
		"name": "Week2Day1",
		"schema": "https://schema.getpostman.com/json/collection/v2.1.0/collection.json",
		"_exporter_id": "17709036"
	},
	"item": [
		{
			"name": "Create Incident",
			"event": [
				{
					"listen": "test",
					"script": {
						"exec": [
							"pm.test(\"Status code is 201\", function () {\r",
							"    pm.response.to.have.status(201);\r",
							"});\r",
							"\r",
							"var resp=pm.response.json();\r",
							"console.log(resp)\r",
							"//x.result.sys_id\r",
							"var sys_id=resp.result.sys_id\r",
							"console.log(sys_id)\r",
							"//Variable Key--System_ID ,Variable-sys_id\r",
							"pm.globals.set(\"System_ID\",sys_id );"
						],
						"type": "text/javascript"
					}
				}
			],
			"request": {
				"auth": {
					"type": "noauth"
				},
				"method": "POST",
				"header": [
					{
						"key": "Authorization",
						"value": "Basic YWRtaW46Tnh4cm8xT0tEQEA0",
						"type": "text"
					}
				],
				"body": {
					"mode": "raw",
					"raw": "{\r\n    \"short_description\": \"{{short_Description}}\",\r\n    \"description\":\"{{description}}\"\r\n}",
					"options": {
						"raw": {
							"language": "json"
						}
					}
				},
				"url": {
					"raw": "{{url}}/api/now/table/{{inc}}",
					"host": [
						"{{url}}"
					],
					"path": [
						"api",
						"now",
						"table",
						"{{inc}}"
					]
				}
			},
			"response": []
		},
		{
			"name": "Get Incident",
			"event": [
				{
					"listen": "test",
					"script": {
						"exec": [
							"pm.test(\"Status code is 200\", function () {\r",
							"    pm.response.to.have.status(200);\r",
							"});\r",
							"pm.test(\"Body matches string\", function () {\r",
							"    pm.expect(pm.response.text()).to.include(\"replace my laptip\");\r",
							"});\r",
							"pm.test(\"Response time is less than 3000ms\", function () {\r",
							"    pm.expect(pm.response.responseTime).to.be.below(3000);\r",
							"});"
						],
						"type": "text/javascript"
					}
				}
			],
			"request": {
				"method": "GET",
				"header": [],
				"url": {
					"raw": "{{url}}/api/now/table/{{inc}}/{{System_ID}}",
					"host": [
						"{{url}}"
					],
					"path": [
						"api",
						"now",
						"table",
						"{{inc}}",
						"{{System_ID}}"
					]
				}
			},
			"response": []
		},
		{
			"name": "Update Incident",
			"event": [
				{
					"listen": "test",
					"script": {
						"exec": [
							"pm.test(\"Update Incident Status Code\", function () {\r",
							"    pm.response.to.have.status(200);\r",
							"});\r",
							"pm.test(\"Validate Response body\", function () {\r",
							"    pm.expect(pm.response.text()).to.include(\"Update Request for Laptop replacement\");\r",
							"});"
						],
						"type": "text/javascript"
					}
				}
			],
			"request": {
				"method": "PUT",
				"header": [],
				"body": {
					"mode": "raw",
					"raw": "{\r\n    \"short_description\": \"{{updateRequest}}\"\r\n}",
					"options": {
						"raw": {
							"language": "json"
						}
					}
				},
				"url": {
					"raw": "{{url}}/api/now/table/{{inc}}/{{System_ID}}",
					"host": [
						"{{url}}"
					],
					"path": [
						"api",
						"now",
						"table",
						"{{inc}}",
						"{{System_ID}}"
					]
				}
			},
			"response": []
		},
		{
			"name": "DeleteIncident",
			"event": [
				{
					"listen": "test",
					"script": {
						"exec": [
							"pm.test(\"Status code is 204\", function () {\r",
							"    pm.response.to.have.status(204);\r",
							"});"
						],
						"type": "text/javascript"
					}
				}
			],
			"request": {
				"method": "DELETE",
				"header": [],
				"url": {
					"raw": "{{url}}/api/now/table/{{inc}}/{{System_ID}}",
					"host": [
						"{{url}}"
					],
					"path": [
						"api",
						"now",
						"table",
						"{{inc}}",
						"{{System_ID}}"
					]
				}
			},
			"response": []
		},
		{
			"name": "GetAllIncidents",
			"request": {
				"method": "GET",
				"header": [],
				"url": {
					"raw": "{{url}}/api/now/table/{{inc}}?sysparm_fields=sys_id&sysparm_limit=3",
					"host": [
						"{{url}}"
					],
					"path": [
						"api",
						"now",
						"table",
						"{{inc}}"
					],
					"query": [
						{
							"key": "sysparm_fields",
							"value": "sys_id"
						},
						{
							"key": "sysparm_limit",
							"value": "3"
						}
					]
				}
			},
			"response": []
		}
	],
	"auth": {
		"type": "basic",
		"basic": [
			{
				"key": "password",
				"value": "{{password}}",
				"type": "string"
			},
			{
				"key": "username",
				"value": "{{userName}}",
				"type": "string"
			}
		]
	},
	"event": [
		{
			"listen": "prerequest",
			"script": {
				"type": "text/javascript",
				"exec": [
					""
				]
			}
		},
		{
			"listen": "test",
			"script": {
				"type": "text/javascript",
				"exec": [
					"pm.globals.set(\"url\", \"variable_value\");"
				]
			}
		}
	],
	"variable": [
		{
			"key": "inc",
			"value": "incident",
			"type": "string"
		}
	]
}