{
	"id": "2284d411-4f4c-4a4a-8b5a-4eb79f9714d3",
	"values": [
		{
			"key": "System_ID",
			"value": "Test",
			"type": "default",
			"enabled": true
		},
		{
			"key": "ID",
			"value": "",
			"type": "default",
			"enabled": true
		},
		{
			"key": "reatid",
			"value": "",
			"type": "any",
			"enabled": true
		},
		{
			"key": "url",
			"value": "",
			"type": "any",
			"enabled": true
		}
	],
	"name": "Globals",
	"_postman_variable_scope": "globals",
	"_postman_exported_at": "2023-10-14T06:08:36.504Z",
	"_postman_exported_using": "Postman/10.18.11"
}